
-- date 타입 시간까지 나오게끔 포맷 변경
ALTER SESSION SET nls_date_format = 'YYYY-MM-DD HH24:MI:SS';


--카테고리  1~5번 커피 카테고리 / 6번부터는 옵션 카테고리
INSERT INTO category VALUES (1, '신메뉴');
INSERT INTO category VALUES (2, '커피');  
INSERT INTO category VALUES (3, '프라페');
INSERT INTO category VALUES (4, '논커피');
INSERT INTO category VALUES (5, '에이드');

--메뉴
INSERT INTO menu VALUES (1, '에스프레소','Espresso',2,2, 'images/KioskImages/menu/coffee/에스프레소.png',3000);
INSERT INTO menu VALUES (2, '아메리카노','Americano',2,2, 'images/KioskImages/menu/coffee/아메리카노.png',3500);
INSERT INTO menu VALUES (3, '카페라떼','Cafe Latte',2,1, 'images/KioskImages/menu/coffee/카페라떼.png',4500);
INSERT INTO menu VALUES (4, '카페모카','Cafe Mocha',2,1, 'images/KioskImages/menu/coffee/카페모카.png',4500);
INSERT INTO menu VALUES (5, '돌체라떼','Dole Latte',2,1, 'images/KioskImages/menu/coffee/돌체라떼.png',4500);
INSERT INTO menu VALUES (6, '바닐라 라떼','Vanilla Latte',2,1, 'images/KioskImages/menu/coffee/바닐라라떼.png',5000);
INSERT INTO menu VALUES (7, '카라멜 마끼아또','Caramel Macchiato',2,1,'images/KioskImages/menu/coffee/카라멜마끼아또.png',5000);
INSERT INTO menu VALUES (8, '헤이즐넛 라떼','Hazelnut Latte',2,1,'images/KioskImages/menu/coffee/헤이즐넛라떼.png',5000);
INSERT INTO menu VALUES (9, '콜드브루','Cold Brew',2,3, 'images/KioskImages/menu/coffee/콜드브루.png',5000);
INSERT INTO menu VALUES (10, '콜드브루 라떼','Cold Brew Latte',2,4,'images/KioskImages/menu/coffee/콜드브루라떼.png',5500);

INSERT INTO menu VALUES (11, '그린티 프라페','Green tea Frappe',3,5, 'images/KioskImages/menu/frappe/그린티프라페.png',6000);
INSERT INTO menu VALUES (12, '딸기 젤라또 프라페','Strawberry Gelato Frappe',3,5,'images/KioskImages/menu/frappe/딸기젤라또프라페.png',6500);
INSERT INTO menu VALUES (13, '레드 애플 프라페','Red Apple Frappe',3,5,'images/KioskImages/menu/frappe/레드애플프라페.png',6500);
INSERT INTO menu VALUES (14, '애플 망고 프라페','Apple Mango Frappe',3,5,'images/KioskImages/menu/frappe/애플망고프라페.png',6500);
INSERT INTO menu VALUES (15, '초코칩 프라페','Chocolate Frappe',3,5, 'images/KioskImages/menu/frappe/초코칩프라페.png',6500);
INSERT INTO menu VALUES (16, '초콜릿 쿠키 젤라또 프라페','Chocolate Cookie Gelato Frappe',3,5, 'images/KioskImages/menu/frappe/초콜릿쿠키젤라또프라페.png',6700);
INSERT INTO menu VALUES (17, '콜드브루 모카 프라페','Cold Brew Mocha Frappe',3,6,'images/KioskImages/menu/frappe/콜드브루모카프라페.png',7000);
INSERT INTO menu VALUES (18, '콜드브루 카라멜 프라페','Cold Brew Caramel Frappe',3,6,'images/KioskImages/menu/frappe/콜드브루카라멜프라페.png',7300);
INSERT INTO menu VALUES (19, '콜드브루 프라페','Cold Brew Frappe',3,6,'images/KioskImages/menu/frappe/콜드브루프라페.png',7500);

INSERT INTO menu VALUES (20, '고구마 라떼','Sweet Potato Latte',4,7,'images/KioskImages/menu/noncoffee/고구마라떼.png',4300);
INSERT INTO menu VALUES (21, '녹차 라떼','Green Tea Latte',4,7,'images/KioskImages/menu/noncoffee/녹차라떼.png',4500);
INSERT INTO menu VALUES (22, '오곡 라떼','Five Grain Latte',4,7,'images/KioskImages/menu/noncoffee/오곡라떼.png',4500);
INSERT INTO menu VALUES (23, '초코 라떼','Chocolate Latte',4,7,'images/KioskImages/menu/noncoffee/초코라떼.png',4500);
INSERT INTO menu VALUES (24, '피스타치오 라떼','Pistachio Latte',4,7,'images/KioskImages/menu/noncoffee/피스타치오라떼.png',4500);

INSERT INTO menu VALUES (25, '레몬 에이드','Lemon Ade',5,8,'images/KioskImages/menu/ade/레몬에이드.png',5000);
INSERT INTO menu VALUES (26, '자몽 에이드','Grapefruit Ade',5,8,'images/KioskImages/menu/ade/자몽에이드.png',5000);
INSERT INTO menu VALUES (27, '청포도 에이드','Green Grape Ade',5,8,'images/KioskImages/menu/ade/청포도에이드.png',5000);

-- 임시 매니저 데이터
INSERT INTO manager VALUES ('hyCafe', 1234);

-- 임시 회원 데이터
INSERT INTO membership VALUES ('01067447970', 50000, '2022-12-22');

-- 임시 회원 판매 데이터
INSERT INTO sales_management VALUES ('20221222-01-165330',
'01067447970',
to_date('2022-12-22 16:53:30', 'YYYY-MM-DD HH24:MI:SS'),
3, 5000, '1234-1234-1234');
                                         -- 상품코드, 옵션, 갯수 , 가격
INSERT INTO sales VALUES ('20221222-01-165330', 2, 0000000, 1, 3500);
INSERT INTO sales VALUES ('20221222-01-165330', 3, 0000000, 2, 9000);

-- 임시 비회원 판매 데이터
INSERT INTO sales_management VALUES ('20221222-01-170015', null,
to_date('2022-12-22 17:00:15', 'YYYY-MM-DD HH24:MI:SS'),
1, 0, '2345-2345-2345');
                                        -- 상품코드, 옵션, 갯수 , 가격
INSERT INTO sales VALUES ('20221222-01-170015', 9, 0000000, 1, 5000);
INSERT INTO sales VALUES ('20221222-01-170015', 9, 0120000, 1, 5300);
INSERT INTO sales VALUES ('20221222-01-170015', 21, 0000000, 1, 4500);


INSERT INTO membership VALUES ('01082821125', 900, '2021-1-2');
INSERT INTO membership VALUES ('01067445811', 1000, '2021-2-22');
INSERT INTO membership VALUES ('01043164356', 100, '2021-3-17');
INSERT INTO membership VALUES ('01097002851', 1700, '2021-4-6');
INSERT INTO membership VALUES ('01021548942', 5900, '2021-5-8');
INSERT INTO membership VALUES ('01039851245', 300, '2021-6-28');
INSERT INTO membership VALUES ('01097268851', 400, '2021-7-14');
INSERT INTO membership VALUES ('01012852588', 810, '2021-8-2');
INSERT INTO membership VALUES ('01001455982', 190, '2021-9-7');
INSERT INTO membership VALUES ('01069952849', 1100, '2021-10-16');
INSERT INTO membership VALUES ('01090804417', 1800, '2022-11-11');
INSERT INTO membership VALUES ('01062177386', 3100, '2022-12-23');
INSERT INTO membership VALUES ('01029955114', 100, '2022-1-9');
INSERT INTO membership VALUES ('01032529585', 300, '2022-2-1');
INSERT INTO membership VALUES ('01014723269', 11000, '2022-3-7');
INSERT INTO membership VALUES ('01085142563', 2000, '2022-4-2');
INSERT INTO membership VALUES ('01013847892', 3100, '2022-5-14');
INSERT INTO membership VALUES ('01079279315', 150, '2022-6-26');
INSERT INTO membership VALUES ('01088514426', 2000, '2022-7-24');
INSERT INTO membership VALUES ('01039915485', 300, '2022-8-10');
INSERT INTO membership VALUES ('01065172970', 600, '2022-9-20');



--비회원 판매 데이터
INSERT INTO sales_management VALUES ('20210101-01-100021', null,
to_date('2021-01-01 10:00:21', 'YYYY-MM-DD HH24:MI:SS'),
1, 0, '6595-1378-3141');
INSERT INTO sales_management VALUES ('20210104-01-122551', null,
to_date('2021-01-04 12:25:51', 'YYYY-MM-DD HH24:MI:SS'),
1, 0, '5926-9679-1126');
INSERT INTO sales_management VALUES ('20210107-01-130708', null,
to_date('2021-01-07 13:07:08', 'YYYY-MM-DD HH24:MI:SS'),
1, 0, '2206-2345-2855');

INSERT INTO sales VALUES ('20210101-01-100021', 1, 0000000, 1, 3000);
INSERT INTO sales VALUES ('20210104-01-122551', 2, 0000000, 1, 3500);
INSERT INTO sales VALUES ('20210107-01-130708', 3, 0000000, 1, 4500);
INSERT INTO sales VALUES ('20210104-01-122551', 4, 0000000, 1, 4500);
INSERT INTO sales VALUES ('20210104-01-122551', 5, 0000000, 1, 4500);
INSERT INTO sales VALUES ('20210104-01-122551', 6, 0000000, 1, 5000);
INSERT INTO sales VALUES ('20210107-01-130708', 7, 0000000, 1, 5000);
INSERT INTO sales VALUES ('20210107-01-130708', 8, 0000000, 1, 5000);
INSERT INTO sales VALUES ('20210107-01-130708', 9, 0000000, 1, 5000);
INSERT INTO sales VALUES ('20210107-01-130708', 10, 0000000, 1, 5500);


INSERT INTO sales_management VALUES ('20210228-01-170041', null,
to_date('2021-02-28 17:00:41', 'YYYY-MM-DD HH24:MI:SS'),
1, 0, '2215-9710-7265');
INSERT INTO sales_management VALUES ('20210206-01-142015', null,
to_date('2021-02-06 14:20:15', 'YYYY-MM-DD HH24:MI:SS'),
1, 0, '8817-9514-2365');
INSERT INTO sales_management VALUES ('20210215-01-182515', null,
to_date('2021-02-15 18:25:15', 'YYYY-MM-DD HH24:MI:SS'),
1, 0,  '6595-1378-3141');

INSERT INTO sales VALUES ('20210228-01-170041', 11, 0000000, 1, 6000);
INSERT INTO sales VALUES ('20210206-01-142015', 12, 0000000, 1, 6500);
INSERT INTO sales VALUES ('20210215-01-182515', 13, 0000000, 1, 6500);
INSERT INTO sales VALUES ('20210206-01-142015', 14, 0000000, 1, 6500);
INSERT INTO sales VALUES ('20210206-01-142015', 15, 0000000, 1, 6500);
INSERT INTO sales VALUES ('20210206-01-142015', 16, 0000000, 1, 6700);
INSERT INTO sales VALUES ('20210206-01-142015', 17, 0000000, 1, 7000);
INSERT INTO sales VALUES ('20210206-01-142015', 18, 0000000, 1, 7300);
INSERT INTO sales VALUES ('20210206-01-142015', 19, 0000000, 1, 7500);


INSERT INTO sales_management VALUES ('20210321-01-210814', null,
to_date('2021-03-21 21:08:14', 'YYYY-MM-DD HH24:MI:SS'),
1, 0, '0852-9917-6845');
INSERT INTO sales_management VALUES ('20210302-01-121715', null,
to_date('2021-03-02 12:17:15', 'YYYY-MM-DD HH24:MI:SS'),
1, 0, '9278-9148-4456');
INSERT INTO sales_management VALUES ('20210319-01-142115', null,
to_date('2021-03-19 14:21:15', 'YYYY-MM-DD HH24:MI:SS'),
1, 0, '2206-2345-2855');

INSERT INTO sales VALUES ('20210321-01-210814', 20, 0000000, 1, 4300);
INSERT INTO sales VALUES ('20210302-01-121715', 21, 0000000, 1, 4500);
INSERT INTO sales VALUES ('20210319-01-142115', 22, 0000000, 1, 4500);
INSERT INTO sales VALUES ('20210321-01-210814', 23, 0000000, 1, 4500);
INSERT INTO sales VALUES ('20210321-01-210814', 24, 0000000, 1, 4500);


INSERT INTO sales_management VALUES ('20210416-01-135547', null,
to_date('2021-04-16 13:55:47', 'YYYY-MM-DD HH24:MI:SS'),
1, 0, '5272-3475-8842');
INSERT INTO sales_management VALUES ('20210408-01-112115', null,
to_date('2021-04-08 11:21:15', 'YYYY-MM-DD HH24:MI:SS'),
1, 0, '5435-2355-2285');
INSERT INTO sales_management VALUES ('20210424-01-132136', null,
to_date('2021-04-24 13:21:36', 'YYYY-MM-DD HH24:MI:SS'),
1, 0, '1345-7245-1955');

INSERT INTO sales VALUES ('20210416-01-135547', 25, 0000000, 1, 5000);
INSERT INTO sales VALUES ('20210408-01-112115', 26, 0000000, 1, 5000);
INSERT INTO sales VALUES ('20210424-01-132136', 27, 0000000, 1, 5000);


INSERT INTO sales_management VALUES ('20210512-01-210015', null,
to_date('2021-05-12 21:00:15', 'YYYY-MM-DD HH24:MI:SS'),
1, 0, '8817-9514-2365');
INSERT INTO sales_management VALUES ('20210504-01-104025', null,
to_date('2021-05-04 10:40:25', 'YYYY-MM-DD HH24:MI:SS'),
1, 0, '6595-1378-3141');
INSERT INTO sales_management VALUES ('20210527-01-195821', null,
to_date('2021-05-27 19:58:21', 'YYYY-MM-DD HH24:MI:SS'),
1, 0, '8817-9514-2365');

INSERT INTO sales VALUES ('20210512-01-210015', 27, 0000000, 1, 5000);
INSERT INTO sales VALUES ('20210504-01-104025', 20, 0000000, 1, 4300);
INSERT INTO sales VALUES ('20210527-01-195821', 19, 0000000, 1, 7500);
INSERT INTO sales VALUES ('20210512-01-210015', 8, 0000000, 1, 5000);


INSERT INTO sales_management VALUES ('20210608-01-182514', null,
to_date('2021-06-08 18:25:14', 'YYYY-MM-DD HH24:MI:SS'),
1, 0, '8185-8874-3685');
INSERT INTO sales_management VALUES ('20210611-01-165254', null,
to_date('2021-06-11 16:52:54', 'YYYY-MM-DD HH24:MI:SS'),
1, 0, '2206-2345-2855');
INSERT INTO sales_management VALUES ('20210625-01-154217', null,
to_date('2021-06-25 15:42:17', 'YYYY-MM-DD HH24:MI:SS'),
1, 0, '9278-9148-4456');

INSERT INTO sales VALUES ('20210608-01-182514', 2, 0000000, 10, 35000);
INSERT INTO sales VALUES ('20210611-01-165254', 2, 0000000, 10, 35000);
INSERT INTO sales VALUES ('20210625-01-154217', 2, 0000000, 10, 35000);


INSERT INTO sales_management VALUES ('20210704-01-142531', null,
to_date('2021-07-04 14:25:31', 'YYYY-MM-DD HH24:MI:SS'),
1, 0, '8817-9514-2365');
INSERT INTO sales_management VALUES ('20210715-01-131246', null,
to_date('2021-07-15 13:12:46', 'YYYY-MM-DD HH24:MI:SS'),
1, 0, '6595-1378-3145');
INSERT INTO sales_management VALUES ('20210721-01-120727', null,
to_date('2021-07-21 12:07:27', 'YYYY-MM-DD HH24:MI:SS'),
1, 0, '3625-0852-9825');

INSERT INTO sales VALUES ('20210704-01-142531', 2, 0000000, 125, 437500);
INSERT INTO sales VALUES ('20210715-01-131246', 2, 0000000, 125, 437500);
INSERT INTO sales VALUES ('20210721-01-120727', 2, 0000000, 125, 437500);


INSERT INTO sales_management VALUES ('20210801-01-113414', null,
to_date('2021-08-01 11:34:14', 'YYYY-MM-DD HH24:MI:SS'),
1, 0, '0852-9917-6845');
INSERT INTO sales_management VALUES ('20210819-01-105846', null,
to_date('2021-08-19 10:58:46', 'YYYY-MM-DD HH24:MI:SS'),
1, 0, '2345-2345-2345');
INSERT INTO sales_management VALUES ('20210829-01-133417', null,
to_date('2021-08-29 13:34:47', 'YYYY-MM-DD HH24:MI:SS'),
1, 0, '9195-1244-0807');

INSERT INTO sales VALUES ('20210801-01-113414', 2, 0000000, 20, 70000);
INSERT INTO sales VALUES ('20210819-01-105846', 2, 0000000, 20, 70000);
INSERT INTO sales VALUES ('20210829-01-133417', 2, 0000000, 20, 70000);


INSERT INTO sales_management VALUES ('20210902-01-132514', null,
to_date('2021-09-02 13:25:14', 'YYYY-MM-DD HH24:MI:SS'),
1, 0, '8817-9514-2365');
INSERT INTO sales_management VALUES ('20210913-01-131415', null,
to_date('2021-09-13 13:14:15', 'YYYY-MM-DD HH24:MI:SS'),
1, 0, '9278-9148-4456');
INSERT INTO sales_management VALUES ('20210924-01-183548', null,
to_date('2021-09-24 18:35:48', 'YYYY-MM-DD HH24:MI:SS'),
1, 0, '5926-9679-1126');

INSERT INTO sales VALUES ('20210902-01-132514', 2, 0000000, 20, 70000);
INSERT INTO sales VALUES ('20210913-01-131415', 2, 0000000, 20, 70000);
INSERT INTO sales VALUES ('20210924-01-183548', 2, 0000000, 20, 70000);


INSERT INTO sales_management VALUES ('20211001-01-135453', null,
to_date('2021-10-01 13:54:53', 'YYYY-MM-DD HH24:MI:SS'),
1, 0, '5349-9968-5654');
INSERT INTO sales_management VALUES ('20211011-01-184559', null,
to_date('2021-10-11 18:45:59', 'YYYY-MM-DD HH24:MI:SS'),
1, 0, '3695-4521-2188');
INSERT INTO sales_management VALUES ('20211028-01-185421', null,
to_date('2021-10-28 18:54:21', 'YYYY-MM-DD HH24:MI:SS'),
1, 0, '6581-7519-9847');

INSERT INTO sales VALUES ('20211001-01-135453', 2, 0000000, 20, 70000);
INSERT INTO sales VALUES ('20211011-01-184559', 2, 0000000, 20, 70000);
INSERT INTO sales VALUES ('20211028-01-185421', 2, 0000000, 20, 70000);


INSERT INTO sales_management VALUES ('20211111-01-134521', null,
to_date('2021-11-11 13:45:21', 'YYYY-MM-DD HH24:MI:SS'),
1, 0, '7852-2841-3125');
INSERT INTO sales_management VALUES ('20211128-01-125830', null,
to_date('2021-11-28 12:58:30', 'YYYY-MM-DD HH24:MI:SS'),
1, 0, '7021-1385-4252');

INSERT INTO sales VALUES ('20211111-01-134521', 2, 0000000, 20, 70000);
INSERT INTO sales VALUES ('20211128-01-125830', 2, 0000000, 20, 70000);

INSERT INTO sales_management VALUES ('20211208-01-115812', null,
to_date('2021-12-08 11:58:12', 'YYYY-MM-DD HH24:MI:SS'),
1, 0, '2348-1217-1985');
INSERT INTO sales_management VALUES ('20211219-01-181431', null,
to_date('2021-12-19 18:14:31', 'YYYY-MM-DD HH24:MI:SS'),
1, 0, '8423-0024-1633');
INSERT INTO sales_management VALUES ('20211225-01-100057', null,
to_date('2021-12-25 10:00:57', 'YYYY-MM-DD HH24:MI:SS'),
1, 0, '6847-1124-2295');

INSERT INTO sales VALUES ('20211208-01-115812', 2, 0000000, 20, 70000);
INSERT INTO sales VALUES ('20211219-01-181431', 2, 0000000, 20, 70000);
INSERT INTO sales VALUES ('20211225-01-100057', 2, 0000000, 20, 70000);



--올해
INSERT INTO sales_management VALUES ('20220101-01-100021', null,
to_date('2022-01-01 10:00:21', 'YYYY-MM-DD HH24:MI:SS'),
1, 0, '6595-1378-3141');
INSERT INTO sales_management VALUES ('20220104-01-122551', null,
to_date('2022-01-04 12:25:51', 'YYYY-MM-DD HH24:MI:SS'),
1, 0, '5926-9679-1126');
INSERT INTO sales_management VALUES ('20220107-01-130708', null,
to_date('2022-01-07 13:07:08', 'YYYY-MM-DD HH24:MI:SS'),
1, 0, '2206-2345-2855');

INSERT INTO sales VALUES ('20220101-01-100021', 1, 0000000, 1, 3000);
INSERT INTO sales VALUES ('20220104-01-122551', 2, 0000000, 1, 3500);
INSERT INTO sales VALUES ('20220107-01-130708', 3, 0000000, 1, 4500);
INSERT INTO sales VALUES ('20220104-01-122551', 4, 0000000, 1, 4500);
INSERT INTO sales VALUES ('20220104-01-122551', 5, 0000000, 1, 4500);
INSERT INTO sales VALUES ('20220104-01-122551', 6, 0000000, 1, 5000);
INSERT INTO sales VALUES ('20220107-01-130708', 7, 0000000, 1, 5000);
INSERT INTO sales VALUES ('20220107-01-130708', 8, 0000000, 1, 5000);
INSERT INTO sales VALUES ('20220107-01-130708', 9, 0000000, 1, 5000);
INSERT INTO sales VALUES ('20220107-01-130708', 10, 0000000, 1, 5500);


INSERT INTO sales_management VALUES ('20220228-01-170041', null,
to_date('2022-02-28 17:00:41', 'YYYY-MM-DD HH24:MI:SS'),
1, 0, '2215-9710-7265');
INSERT INTO sales_management VALUES ('20220206-01-142015', null,
to_date('2022-02-06 14:20:15', 'YYYY-MM-DD HH24:MI:SS'),
1, 0, '8817-9514-2365');
INSERT INTO sales_management VALUES ('20220225-01-182515', null,
to_date('2022-02-15 18:25:15', 'YYYY-MM-DD HH24:MI:SS'),
1, 0,  '6595-1378-3141');

INSERT INTO sales VALUES ('20220228-01-170041', 11, 0000000, 1, 6000);
INSERT INTO sales VALUES ('20220206-01-142015', 12, 0000000, 1, 6500);
INSERT INTO sales VALUES ('20220225-01-182515', 13, 0000000, 1, 6500);
INSERT INTO sales VALUES ('20220206-01-142015', 14, 0000000, 1, 6500);
INSERT INTO sales VALUES ('20220206-01-142015', 15, 0000000, 1, 6500);
INSERT INTO sales VALUES ('20220206-01-142015', 16, 0000000, 1, 6700);
INSERT INTO sales VALUES ('20220206-01-142015', 17, 0000000, 1, 7000);
INSERT INTO sales VALUES ('20220206-01-142015', 18, 0000000, 1, 7300);
INSERT INTO sales VALUES ('20220206-01-142015', 19, 0000000, 1, 7500);


INSERT INTO sales_management VALUES ('20220321-01-210814', null,
to_date('2022-03-21 21:08:14', 'YYYY-MM-DD HH24:MI:SS'),
1, 0, '0852-9917-6845');
INSERT INTO sales_management VALUES ('20220302-01-121715', null,
to_date('2022-03-02 12:17:15', 'YYYY-MM-DD HH24:MI:SS'),
1, 0, '9278-9148-4456');
INSERT INTO sales_management VALUES ('20220319-01-142115', null,
to_date('2022-03-19 14:21:15', 'YYYY-MM-DD HH24:MI:SS'),
1, 0, '2206-2345-2855');

INSERT INTO sales VALUES ('20220321-01-210814', 20, 0000000, 1, 4300);
INSERT INTO sales VALUES ('20220302-01-121715', 21, 0000000, 1, 4500);
INSERT INTO sales VALUES ('20220319-01-142115', 22, 0000000, 1, 4500);
INSERT INTO sales VALUES ('20220321-01-210814', 23, 0000000, 1, 4500);
INSERT INTO sales VALUES ('20220321-01-210814', 24, 0000000, 1, 4500);


INSERT INTO sales_management VALUES ('20220416-01-135547', null,
to_date('2022-04-16 13:55:47', 'YYYY-MM-DD HH24:MI:SS'),
1, 0, '5272-3475-8842');
INSERT INTO sales_management VALUES ('20220408-01-112115', null,
to_date('2022-04-08 11:21:15', 'YYYY-MM-DD HH24:MI:SS'),
1, 0, '5435-2355-2285');
INSERT INTO sales_management VALUES ('20220424-01-132136', null,
to_date('2022-04-24 13:21:36', 'YYYY-MM-DD HH24:MI:SS'),
1, 0, '1345-7245-1955');

INSERT INTO sales VALUES ('20220416-01-135547', 25, 0000000, 1, 5000);
INSERT INTO sales VALUES ('20220408-01-112115', 26, 0000000, 1, 5000);
INSERT INTO sales VALUES ('20220424-01-132136', 27, 0000000, 1, 5000);


INSERT INTO sales_management VALUES ('20220512-01-210015', null,
to_date('2022-05-12 21:00:15', 'YYYY-MM-DD HH24:MI:SS'),
1, 0, '8817-9514-2365');
INSERT INTO sales_management VALUES ('20220504-01-104025', null,
to_date('2022-05-04 10:40:25', 'YYYY-MM-DD HH24:MI:SS'),
1, 0, '6595-1378-3141');
INSERT INTO sales_management VALUES ('20220527-01-195821', null,
to_date('2022-05-27 19:58:21', 'YYYY-MM-DD HH24:MI:SS'),
1, 0, '8817-9514-2365');

INSERT INTO sales VALUES ('20220512-01-210015', 27, 0000000, 1, 5000);
INSERT INTO sales VALUES ('20220504-01-104025', 20, 0000000, 1, 4300);
INSERT INTO sales VALUES ('20220527-01-195821', 19, 0000000, 1, 7500);
INSERT INTO sales VALUES ('20220512-01-210015', 8, 0000000, 1, 5000);


INSERT INTO sales_management VALUES ('20220608-01-182514', null,
to_date('2022-06-08 18:25:14', 'YYYY-MM-DD HH24:MI:SS'),
1, 0, '8185-8874-3685');
INSERT INTO sales_management VALUES ('20220611-01-165254', null,
to_date('2022-06-11 16:52:54', 'YYYY-MM-DD HH24:MI:SS'),
1, 0, '2206-2345-2855');
INSERT INTO sales_management VALUES ('20220625-01-154217', null,
to_date('2022-06-25 15:42:17', 'YYYY-MM-DD HH24:MI:SS'),
1, 0, '9278-9148-4456');

INSERT INTO sales VALUES ('20220608-01-182514', 2, 0000000, 10, 35000);
INSERT INTO sales VALUES ('20220611-01-165254', 2, 0000000, 10, 35000);
INSERT INTO sales VALUES ('20220625-01-154217', 2, 0000000, 10, 35000);


INSERT INTO sales_management VALUES ('20220704-01-142531', null,
to_date('2022-07-04 14:25:31', 'YYYY-MM-DD HH24:MI:SS'),
1, 0, '8817-9514-2365');
INSERT INTO sales_management VALUES ('20220715-01-131246', null,
to_date('2022-07-15 13:12:46', 'YYYY-MM-DD HH24:MI:SS'),
1, 0, '6595-1378-3145');
INSERT INTO sales_management VALUES ('20220721-01-120727', null,
to_date('2022-07-21 12:07:27', 'YYYY-MM-DD HH24:MI:SS'),
1, 0, '3625-0852-9825');

INSERT INTO sales VALUES ('20220704-01-142531', 2, 0000000, 125, 437500);
INSERT INTO sales VALUES ('20220715-01-131246', 2, 0000000, 125, 437500);
INSERT INTO sales VALUES ('20220721-01-120727', 2, 0000000, 125, 437500);


INSERT INTO sales_management VALUES ('20220801-01-113414', null,
to_date('2022-08-01 11:34:14', 'YYYY-MM-DD HH24:MI:SS'),
1, 0, '0852-9917-6845');
INSERT INTO sales_management VALUES ('20220819-01-105846', null,
to_date('2022-08-19 10:58:46', 'YYYY-MM-DD HH24:MI:SS'),
1, 0, '2345-2345-2345');
INSERT INTO sales_management VALUES ('20220829-01-133417', null,
to_date('2022-08-29 13:34:47', 'YYYY-MM-DD HH24:MI:SS'),
1, 0, '9195-1244-0807');

INSERT INTO sales VALUES ('20220801-01-113414', 2, 0000000, 20, 70000);
INSERT INTO sales VALUES ('20220819-01-105846', 2, 0000000, 20, 70000);
INSERT INTO sales VALUES ('20220829-01-133417', 2, 0000000, 20, 70000);


INSERT INTO sales_management VALUES ('20220902-01-132514', null,
to_date('2022-09-02 13:25:14', 'YYYY-MM-DD HH24:MI:SS'),
1, 0, '8817-9514-2365');
INSERT INTO sales_management VALUES ('20220913-01-131415', null,
to_date('2022-09-13 13:14:15', 'YYYY-MM-DD HH24:MI:SS'),
1, 0, '9278-9148-4456');
INSERT INTO sales_management VALUES ('20220924-01-183548', null,
to_date('2022-09-24 18:35:48', 'YYYY-MM-DD HH24:MI:SS'),
1, 0, '5926-9679-1126');

INSERT INTO sales VALUES ('20220902-01-132514', 2, 0000000, 20, 70000);
INSERT INTO sales VALUES ('20220913-01-131415', 2, 0000000, 20, 70000);
INSERT INTO sales VALUES ('20220924-01-183548', 2, 0000000, 20, 70000);


INSERT INTO sales_management VALUES ('20221001-01-135453', null,
to_date('2022-10-01 13:54:53', 'YYYY-MM-DD HH24:MI:SS'),
1, 0, '5349-9968-5654');
INSERT INTO sales_management VALUES ('20221011-01-184559', null,
to_date('2022-10-11 18:45:59', 'YYYY-MM-DD HH24:MI:SS'),
1, 0, '3695-4521-2188');
INSERT INTO sales_management VALUES ('20221028-01-185421', null,
to_date('2022-10-28 18:54:21', 'YYYY-MM-DD HH24:MI:SS'),
1, 0, '6581-7519-9847');

INSERT INTO sales VALUES ('20221001-01-135453', 2, 0000000, 20, 70000);
INSERT INTO sales VALUES ('20221011-01-184559', 2, 0000000, 20, 70000);
INSERT INTO sales VALUES ('20221028-01-185421', 2, 0000000, 20, 70000);


INSERT INTO sales_management VALUES ('20221111-01-134521', null,
to_date('2022-11-11 13:45:21', 'YYYY-MM-DD HH24:MI:SS'),
1, 0, '7852-2841-3125');
INSERT INTO sales_management VALUES ('20221128-01-125830', null,
to_date('2022-11-28 12:58:30', 'YYYY-MM-DD HH24:MI:SS'),
1, 0, '7021-1385-4252');

INSERT INTO sales VALUES ('20221111-01-134521', 2, 0000000, 20, 70000);
INSERT INTO sales VALUES ('20221128-01-125830', 2, 0000000, 20, 70000);

INSERT INTO sales_management VALUES ('20221208-01-115812', null,
to_date('2022-12-08 11:58:12', 'YYYY-MM-DD HH24:MI:SS'),
1, 0, '2348-1217-1985');
INSERT INTO sales_management VALUES ('20221219-01-181431', null,
to_date('2022-12-19 18:14:31', 'YYYY-MM-DD HH24:MI:SS'),
1, 0, '8423-0024-1633');
INSERT INTO sales_management VALUES ('20221225-01-100057', null,
to_date('2022-12-25 10:00:57', 'YYYY-MM-DD HH24:MI:SS'),
1, 0, '6847-1124-2295');

INSERT INTO sales VALUES ('20221208-01-115812', 2, 0000000, 20, 70000);
INSERT INTO sales VALUES ('20221219-01-181431', 2, 0000000, 20, 70000);
INSERT INTO sales VALUES ('20221225-01-100057', 2, 0000000, 20, 70000);



----===========================================================================
----===========================================================================
----===========================================================================
---회원데이터

INSERT INTO sales_management VALUES ('20210122-01-165330',
'01067447970',
to_date('2021-01-22 16:53:30', 'YYYY-MM-DD HH24:MI:SS'),
3, 200, '1234-1234-1234');

INSERT INTO sales VALUES ('20210122-01-165330', 2, 0000000, 20, 70000);


INSERT INTO sales_management VALUES ('20210222-01-165330',
'01067447970',
to_date('2021-02-22 16:53:30', 'YYYY-MM-DD HH24:MI:SS'),
3, 200, '1234-1234-1234');

INSERT INTO sales VALUES ('20210222-01-165330', 2, 0000000, 20, 70000);


INSERT INTO sales_management VALUES ('20210322-01-165330',
'01067447970',
to_date('2021-03-22 16:53:30', 'YYYY-MM-DD HH24:MI:SS'),
3, 200, '1234-1234-1234');

INSERT INTO sales VALUES ('20210322-01-165330', 2, 0000000, 20, 70000);


INSERT INTO sales_management VALUES ('20210422-01-165330',
'01067447970',
to_date('2021-04-22 16:53:30', 'YYYY-MM-DD HH24:MI:SS'),
3, 200, '1234-1234-1234');

INSERT INTO sales VALUES ('20210422-01-165330', 2, 0000000, 20, 70000);


INSERT INTO sales_management VALUES ('20210522-01-165330',
'01067447970',
to_date('2021-05-22 16:53:30', 'YYYY-MM-DD HH24:MI:SS'),
3, 200, '1234-1234-1234');

INSERT INTO sales VALUES ('20210522-01-165330', 2, 0000000, 20, 70000);


INSERT INTO sales_management VALUES ('20210622-01-165330',
'01067447970',
to_date('2021-06-22 16:53:30', 'YYYY-MM-DD HH24:MI:SS'),
3, 200, '1234-1234-1234');

INSERT INTO sales VALUES ('20210622-01-165330', 2, 0000000, 20, 70000);


INSERT INTO sales_management VALUES ('20210722-01-165330',
'01067447970',
to_date('2021-07-22 16:53:30', 'YYYY-MM-DD HH24:MI:SS'),
3, 200, '1234-1234-1234');

INSERT INTO sales VALUES ('20210722-01-165330', 2, 0000000, 20, 70000);


INSERT INTO sales_management VALUES ('20210822-01-165330',
'01067447970',
to_date('2021-08-22 16:53:30', 'YYYY-MM-DD HH24:MI:SS'),
3, 200, '1234-1234-1234');

INSERT INTO sales VALUES ('20210822-01-165330', 2, 0000000, 20, 70000);


INSERT INTO sales_management VALUES ('20210922-01-165330',
'01067447970',
to_date('2021-09-22 16:53:30', 'YYYY-MM-DD HH24:MI:SS'),
3, 200, '1234-1234-1234');

INSERT INTO sales VALUES ('20210922-01-165330', 2, 0000000, 20, 70000);


INSERT INTO sales_management VALUES ('20211022-01-165330',
'01067447970',
to_date('2021-10-22 16:53:30', 'YYYY-MM-DD HH24:MI:SS'),
3, 200, '1234-1234-1234');

INSERT INTO sales VALUES ('20211022-01-165330', 2, 0000000, 20, 70000);


INSERT INTO sales_management VALUES ('20211122-01-165330',
'01067447970',
to_date('2021-11-22 16:53:30', 'YYYY-MM-DD HH24:MI:SS'),
3, 200, '1234-1234-1234');

INSERT INTO sales VALUES ('20211122-01-165330', 2, 0000000, 20, 70000);


INSERT INTO sales_management VALUES ('20211222-01-165330',
'01067447970',
to_date('2021-12-22 16:53:30', 'YYYY-MM-DD HH24:MI:SS'),
3, 200, '1234-1234-1234');

INSERT INTO sales VALUES ('20211222-01-165330', 2, 0000000, 20, 70000);



--올해

INSERT INTO sales_management VALUES ('20220122-01-165330',
'01067447970',
to_date('2022-01-22 16:53:30', 'YYYY-MM-DD HH24:MI:SS'),
3, 200, '1234-1234-1234');

INSERT INTO sales VALUES ('20220122-01-165330', 2, 0000000, 20, 70000);


INSERT INTO sales_management VALUES ('20220222-01-165330',
'01067447970',
to_date('2022-02-22 16:53:30', 'YYYY-MM-DD HH24:MI:SS'),
3, 200, '1234-1234-1234');

INSERT INTO sales VALUES ('20220222-01-165330', 2, 0000000, 20, 70000);


INSERT INTO sales_management VALUES ('20220322-01-165330',
'01067447970',
to_date('2022-03-22 16:53:30', 'YYYY-MM-DD HH24:MI:SS'),
3, 200, '1234-1234-1234');

INSERT INTO sales VALUES ('20220322-01-165330', 2, 0000000, 20, 70000);


INSERT INTO sales_management VALUES ('20220422-01-165330',
'01067447970',
to_date('2022-04-22 16:53:30', 'YYYY-MM-DD HH24:MI:SS'),
3, 200, '1234-1234-1234');

INSERT INTO sales VALUES ('20220422-01-165330', 2, 0000000, 20, 70000);


INSERT INTO sales_management VALUES ('20220522-01-165330',
'01067447970',
to_date('2022-05-22 16:53:30', 'YYYY-MM-DD HH24:MI:SS'),
3, 200, '1234-1234-1234');

INSERT INTO sales VALUES ('20220522-01-165330', 2, 0000000, 20, 70000);


INSERT INTO sales_management VALUES ('20220622-01-165330',
'01067447970',
to_date('2022-06-22 16:53:30', 'YYYY-MM-DD HH24:MI:SS'),
3, 200, '1234-1234-1234');

INSERT INTO sales VALUES ('20220622-01-165330', 2, 0000000, 20, 70000);


INSERT INTO sales_management VALUES ('20220722-01-165330',
'01067447970',
to_date('2022-07-22 16:53:30', 'YYYY-MM-DD HH24:MI:SS'),
3, 200, '1234-1234-1234');

INSERT INTO sales VALUES ('20220722-01-165330', 2, 0000000, 20, 70000);


INSERT INTO sales_management VALUES ('20220822-01-165330',
'01067447970',
to_date('2022-08-22 16:53:30', 'YYYY-MM-DD HH24:MI:SS'),
3, 200, '1234-1234-1234');

INSERT INTO sales VALUES ('20220822-01-165330', 2, 0000000, 20, 70000);


INSERT INTO sales_management VALUES ('20220922-01-165330',
'01067447970',
to_date('2022-09-22 16:53:30', 'YYYY-MM-DD HH24:MI:SS'),
3, 200, '1234-1234-1234');

INSERT INTO sales VALUES ('20220922-01-165330', 2, 0000000, 20, 70000);


INSERT INTO sales_management VALUES ('20221022-01-165330',
'01067447970',
to_date('2022-10-22 16:53:30', 'YYYY-MM-DD HH24:MI:SS'),
3, 200, '1234-1234-1234');

INSERT INTO sales VALUES ('20221022-01-165330', 2, 0000000, 20, 70000);


INSERT INTO sales_management VALUES ('20221122-01-165330',
'01067447970',
to_date('2022-11-22 16:53:30', 'YYYY-MM-DD HH24:MI:SS'),
3, 200, '1234-1234-1234');

INSERT INTO sales VALUES ('20221122-01-165330', 2, 0000000, 20, 70000);


INSERT INTO sales_management VALUES ('20221222-01-165330',
'01067447970',
to_date('2022-12-22 16:53:30', 'YYYY-MM-DD HH24:MI:SS'),
3, 200, '1234-1234-1234');

INSERT INTO sales VALUES ('20221222-01-165330', 2, 0000000, 20, 70000);

commit;
rollback;

select * from sales;